,phrase,label,sentiment,subjectivity,language,count,topicColor,keywordColor,continent,gnd,geonames,latitude,longitude,geotype,country,ipcc
DIRECT,DIRECT,LOC,0.07446708638583639,0.16583388278388275,fr,80,#7acaf0,#7acaf0,EUROPE,,3055234,47.60037,19.04255,P,Hungary,WCE
Antarctique,Antarctique,LOC,0.07265527421296653,0.19018757951450266,fr,39,#073546,#073546,POLAR,4002208-0,6255152,-78.15856,16.40626,L,,EAN
Europe,Europe,LOC,0.06844653858046713,0.25058764548943124,fr,28,#80d4f0,#80d4f0,EUROPE,,12217848,50.28762,15.1903,L,Czechia,WCE
COP30,COP30,LOC,0.15416419753086424,0.19939021164021165,fr,27,,,,,,,,,,
Européens,Européens,LOC,0.04438583194583194,0.3166518426018426,fr,25,,,,,,,,,,
Kiev,Kiev,LOC,0.06516950757575758,0.24732157888407882,fr,24,#80b7f0,#80b7f0,EUROPE,4030522-3,703448,50.45466,30.5238,P,Ukraine,WCE
Genève,Genève,LOC,0.11249874832769569,0.19445596654807182,fr,19,#77e3ef,#77e3ef,EUROPE,4020137-5,2660646,46.20222,6.14569,P,Switzerland,WCE
New York,New York,LOC,-0.0071309523809523845,0.1948015873015873,fr,18,#8aee6c,#8aee6c,NORTH-AMERICA,4042011-5,5128581,40.71427,-74.00597,P,United States,ENA
Belém,Belém,LOC,0.15032051282051279,0.18000000000000002,fr,13,#19e23f,#19e23f,SOUTH-AMERICA,4208294-8,3405870,-1.45583,-48.50444,P,,NES
Istanbul,Istanbul,LOC,-0.01684722222222222,0.22,fr,12,#6db0ee,#6db0ee,EUROPE-AFRICA,4088772-8,745044,41.01384,28.94966,P,Turkey,MED
Ukrainiens,Ukrainiens,LOC,0.04119056869056869,0.16719858844858845,fr,12,#93ef77,#93ef77,NORTH-AMERICA,,6013357,46.08726,-73.88043,H,Canada,ENA
Arabie saoudite,Arabie saoudite,LOC,0.0158001443001443,0.21092352092352093,fr,11,#4c74eb,#4c74eb,ASIA,4051788-3,102358,25.0,45.0,A,Saudi Arabia,ARP
Etat hébreu,Etat hébreu,LOC,0.04485735930735931,0.1212316017316017,fr,11,,,,,,,,,,
Français,Français,LOC,0.040589610389610405,0.17080844155844158,fr,10,#210e80,#210e80,SOUTHERN,,1546102,-49.34916,70.21937,P,French Southern Territories,SOO
Mondial,Mondial,LOC,0.027675000000000005,0.12622619047619046,fr,10,#e1f181,#e1f181,NORTH-AMERICA,,6148531,50.78342,-111.50175,L,Canada,NWN
Arsenal,Arsenal,LOC,0.15218601190476191,0.21654761904761907,fr,10,#9eed60,#9eed60,NORTH-AMERICA,,7260623,34.68387,-86.64764,P,United States,ENA
Elysée,Elysée,LOC,0.16570370370370371,0.14629629629629629,fr,9,,,,,,,,,,
Johannesburg,Johannesburg,LOC,0.003761904761904772,0.26882054673721345,fr,9,,,,,,,,,,
Astana,Astana,LOC,0.0662883597883598,0.13164021164021164,fr,9,,,,,,,,,,
Américains,Américains,LOC,0.07552461427461427,0.17012501387501386,fr,9,,,,,,,,,,
Darfour,Darfour,LOC,-0.0676574074074074,0.24344135802469136,fr,9,,,,,,,,,,
Atlantique,Atlantique,LOC,0.2646440972222222,0.3252777777777778,fr,8,,,,,,,,,,
Maison Blanche,Maison Blanche,LOC,0.12002232142857143,0.13404761904761905,fr,8,,,,,,,,,,
Verdun,Verdun,LOC,-0.065375,0.22562500000000005,fr,8,,,,,,,,,,
Pays basque,Pays basque,LOC,0.28732142857142856,0.31882440476190477,fr,8,,,,,,,,,,
Francfort,Francfort,LOC,0.10851190476190475,0.18095238095238095,fr,7,,,,,,,,,,
Bilbao,Bilbao,LOC,0.2251530612244898,0.25276360544217685,fr,7,,,,,,,,,,
Cest,Cest,LOC,0.13039198499912785,0.17523220826792255,fr,7,,,,,,,,,,
Kremlin,Kremlin,LOC,0.07691326530612244,0.19683673469387755,fr,7,,,,,,,,,,
chapelle Sixtine,chapelle Sixtine,LOC,0.19678571428571429,0.1435714285714286,fr,7,,,,,,,,,,
Naples,Naples,LOC,0.10851190476190475,0.18095238095238095,fr,7,,,,,,,,,,
Catalogne,Catalogne,LOC,0.20875000000000002,0.375,fr,6,,,,,,,,,,
Kordofan,Kordofan,LOC,0.01998611111111111,0.2632638888888889,fr,6,,,,,,,,,,
Asie du Sud,Asie du Sud,LOC,0.030457875457875472,0.20509157509157508,fr,6,,,,,,,,,,
Belem,Belem,LOC,0.20986111111111114,0.13923611111111112,fr,6,,,,,,,,,,
Croix-Rouge,Croix-Rouge,LOC,0.16745833333333335,0.29951388888888886,fr,6,,,,,,,,,,
Amérique,Amérique,LOC,0.06289351851851853,0.140625,fr,6,,,,,,,,,,
Asie centrale,Asie centrale,LOC,0.11865873015873019,0.13564814814814813,fr,6,,,,,,,,,,
Pacifique,Pacifique,LOC,0.0434074074074074,0.3497619047619048,fr,6,,,,,,,,,,
Asie,Asie,LOC,-0.004285714285714286,0.2115079365079365,fr,6,,,,,,,,,,
Donetsk,Donetsk,LOC,-0.04056282051282051,0.08208653846153847,fr,5,,,,,,,,,,
Pays-Bas,Pays-Bas,LOC,-0.018714285714285718,0.01142857142857143,fr,5,,,,,,,,,,
Israélien,Israélien,LOC,0.032666666666666656,0.085,fr,5,,,,,,,,,,
Grand Palais,Grand Palais,LOC,0.24085714285714283,2.142142857142858,fr,5,,,,,,,,,,
Parc des Princes,Parc des Princes,LOC,0.0362,0.15899999999999997,fr,5,,,,,,,,,,
Philharmonie,Philharmonie,LOC,0.1451111111111111,0.1063888888888889,fr,5,,,,,,,,,,
Fasher,Fasher,LOC,-0.018488888888888895,0.27855555555555556,fr,5,,,,,,,,,,
Marseille,Marseille,LOC,-0.013500000000000007,0.19,fr,5,,,,,,,,,,
Eindhoven,Eindhoven,LOC,-0.012000000000000002,0.030000000000000006,fr,5,,,,,,,,,,
Emirats arabes unis,Emirats arabes unis,LOC,0.021805555555555554,0.1475,fr,5,,,,,,,,,,
Toulouse,Toulouse,LOC,0.05928571428571429,0.10625,fr,4,,,,,,,,,,
Ontario,Ontario,LOC,0.03379464285714285,0.23229166666666667,fr,4,,,,,,,,,,
Israéliens,Israéliens,LOC,0.13060119047619048,0.15827380952380954,fr,4,,,,,,,,,,
Belges,Belges,LOC,0.10458333333333335,0.18333333333333335,fr,4,,,,,,,,,,
Liverpool,Liverpool,LOC,0.2587202380952381,0.321577380952381,fr,4,,,,,,,,,,
Onana,Onana,LOC,0.1265,0.11416666666666665,fr,4,,,,,,,,,,
Vancouver,Vancouver,LOC,0.07666666666666667,0.20833333333333334,fr,4,,,,,,,,,,
Palestinienne,Palestinienne,LOC,0.05010416666666667,0.1947916666666667,fr,4,,,,,,,,,,
Monde »,Monde »,LOC,0.12208333333333334,0.19875000000000004,fr,4,,,,,,,,,,
Bolsonaro,Bolsonaro,LOC,0.10875,0.22776785714285713,fr,4,,,,,,,,,,
Élysée,Élysée,LOC,0.08750000000000001,0.12,fr,4,,,,,,,,,,
Rafah,Rafah,LOC,0.09583333333333334,0.16726190476190478,fr,4,,,,,,,,,,
Almaty,Almaty,LOC,-0.029499999999999985,0.345,fr,4,,,,,,,,,,
ULB,ULB,LOC,0.14,0.325,fr,4,,,,,,,,,,
Angleterre,Angleterre,LOC,0.0867857142857143,0.1442857142857143,fr,4,,,,,,,,,,
Bethléem,Bethléem,LOC,0.03874999999999999,0.15625,fr,4,,,,,,,,,,
Lundi,Lundi,LOC,0.05541666666666667,0.13749999999999998,fr,3,,,,,,,,,,
République tchèque,République tchèque,LOC,0.10309523809523809,0.11944444444444442,fr,3,,,,,,,,,,
Larmée,Larmée,LOC,0.00666666666666666,0.14444444444444446,fr,3,,,,,,,,,,
Françaises,Françaises,LOC,0.10227272727272728,0.19015151515151515,fr,3,,,,,,,,,,
Stegra,Stegra,LOC,0.17714285714285713,0.20714285714285716,fr,3,,,,,,,,,,
Centre,Centre,LOC,0.027424242424242424,0.1521969696969697,fr,3,,,,,,,,,,
Gunners,Gunners,LOC,0.01833333333333333,0.19166666666666665,fr,3,,,,,,,,,,
Ramallah,Ramallah,LOC,0.15711111111111112,0.10777777777777779,fr,3,,,,,,,,,,
Palestinien,Palestinien,LOC,-0.02009259259259259,0.2210648148148148,fr,3,,,,,,,,,,
fonctionneme,fonctionneme,LOC,0.2754166666666667,0.15625,fr,3,,,,,,,,,,
Vieux Continent,Vieux Continent,LOC,0.08449074074074076,0.1539351851851852,fr,3,,,,,,,,,,
U.S.,U.S.,LOC,0.07,0.445,fr,3,,,,,,,,,,
Amazonie,Amazonie,LOC,0.1436111111111111,0.08472222222222221,fr,3,,,,,,,,,,
L'Europe,L'Europe,LOC,0.08074074074074074,0.1751851851851852,fr,3,,,,,,,,,,
Pokrovsk,Pokrovsk,LOC,0.02509615384615385,0.14629807692307692,fr,3,,,,,,,,,,
Atalanta,Atalanta,LOC,-0.1275,0.35000000000000003,fr,3,,,,,,,,,,
Rouen,Rouen,LOC,0.17577777777777773,0.1366666666666667,fr,3,,,,,,,,,,
Pep Guardiola,Pep Guardiola,LOC,0.105,0.48750000000000004,fr,3,,,,,,,,,,
dAl,dAl,LOC,0.10714285714285714,0.18214285714285716,fr,3,,,,,,,,,,
Barça,Barça,LOC,0.03342857142857143,0.2528571428571429,fr,3,,,,,,,,,,
Havre,Havre,LOC,0.16466666666666666,0.15833333333333333,fr,3,,,,,,,,,,
Jabaa,Jabaa,LOC,0.05333333333333334,0.21666666666666667,fr,3,,,,,,,,,,
AP,AP,LOC,0.06236111111111111,0.1284722222222222,fr,3,,,,,,,,,,
Mont Saint,Mont Saint,LOC,0.28875,0.2625,fr,3,,,,,,,,,,
Silicon Valley,Silicon Valley,LOC,0.045000000000000005,0.10000000000000002,fr,3,,,,,,,,,,
péninsule Antarctique,péninsule Antarctique,LOC,0.013095238095238096,0.24693121693121692,fr,3,,,,,,,,,,
Palestiniens,Palestiniens,LOC,0.15833333333333335,0.13333333333333333,fr,3,,,,,,,,,,
Pacifique Est,Pacifique Est,LOC,0.16708333333333333,0.375,fr,2,,,,,,,,,,
Belge,Belge,LOC,0.098,0.34,fr,2,,,,,,,,,,
Illustration,Illustration,LOC,-0.09888888888888889,0.1888888888888889,fr,2,,,,,,,,,,
Puy Mary Cantal,Puy Mary Cantal,LOC,0.22531250000000003,0.325,fr,2,,,,,,,,,,
San José,San José,LOC,0.27999999999999997,0.24,fr,2,,,,,,,,,,
Oleron,Oleron,LOC,-0.18000000000000002,-0.20000000000000004,fr,2,,,,,,,,,,
Allan,Allan,LOC,0.17841666666666667,0.1704166666666667,fr,2,,,,,,,,,,
Passeur,Passeur,LOC,0.19640625,0.25,fr,2,,,,,,,,,,
Cantal,Cantal,LOC,0.22531250000000003,0.325,fr,2,,,,,,,,,,
Louhansk,Louhansk,LOC,-0.16666666666666666,0.0,fr,2,,,,,,,,,,
Russes,Russes,LOC,0.1375,0.16249999999999998,fr,2,,,,,,,,,,
dEl,dEl,LOC,0.021000000000000005,0.3075,fr,2,,,,,,,,,,
Photosol,Photosol,LOC,0.22,0.19285714285714287,fr,2,,,,,,,,,,
Maastricht,Maastricht,LOC,0.075,0.1,fr,2,,,,,,,,,,
Biden,Biden,LOC,-0.02875,0.058333333333333334,fr,2,,,,,,,,,,
Sultan,Sultan,LOC,0.08249999999999999,0.1625,fr,2,,,,,,,,,,
Canal +,Canal +,LOC,-0.024999999999999994,-0.13749999999999998,fr,2,,,,,,,,,,
El-Facher,El-Facher,LOC,-0.11566666666666667,0.21500000000000002,fr,2,,,,,,,,,,
Disney,Disney,LOC,0.19666666666666668,0.25,fr,2,,,,,,,,,,
Barcelone,Barcelone,LOC,0.13766666666666666,0.28750000000000003,fr,2,,,,,,,,,,
Alep,Alep,LOC,0.38499999999999995,0.21500000000000002,fr,2,,,,,,,,,,
Affaires étrangères Jean,Affaires étrangères Jean,LOC,-0.06200000000000001,0.24,fr,2,,,,,,,,,,
Hektoria Glacier,Hektoria Glacier,LOC,-0.02571428571428572,0.2857142857142857,fr,2,,,,,,,,,,
»,»,LOC,0.0315,0.18027272727272728,fr,2,,,,,,,,,,
Allan Hills,Allan Hills,LOC,0.325,0.18,fr,2,,,,,,,,,,
Ardennes,Ardennes,LOC,0.0,0.1,fr,2,,,,,,,,,,
ATB,ATB,LOC,0.11714285714285715,0.09999999999999999,fr,2,,,,,,,,,,
São Paulo,São Paulo,LOC,0.21285714285714283,0.15714285714285717,fr,2,,,,,,,,,,
Aix,Aix,LOC,0.075,0.1,fr,2,,,,,,,,,,
Juventus,Juventus,LOC,0.14166666666666666,0.14166666666666666,fr,2,,,,,,,,,,
Southern Spear,Southern Spear,LOC,0.013999999999999999,0.125,fr,2,,,,,,,,,,
Tsedek,Tsedek,LOC,0.26666666666666666,0.16666666666666666,fr,2,,,,,,,,,,
Meuse,Meuse,LOC,0.061000000000000006,0.115,fr,2,,,,,,,,,,
Strasbourg,Strasbourg,LOC,0.2583333333333333,0.24374999999999997,fr,2,,,,,,,,,,
lONU,lONU,LOC,-0.005833333333333329,0.34833333333333333,fr,2,,,,,,,,,,
Terre Sail,Terre Sail,LOC,-0.09428571428571428,0.21428571428571425,fr,2,,,,,,,,,,
rue des Rosiers,rue des Rosiers,LOC,-0.046666666666666655,0.30833333333333335,fr,2,,,,,,,,,,
évêque de Cadix,évêque de Cadix,LOC,-0.015,-0.035,fr,2,,,,,,,,,,
Rafale,Rafale,LOC,0.016666666666666666,0.125,fr,2,,,,,,,,,,
Naplouse,Naplouse,LOC,0.218125,0.20312500000000003,fr,2,,,,,,,,,,
Zikim,Zikim,LOC,0.09976190476190476,0.16666666666666669,fr,2,,,,,,,,,,
Ketelaere,Ketelaere,LOC,0.047,0.06000000000000001,fr,2,,,,,,,,,,
Venise,Venise,LOC,0.146,0.15500000000000003,fr,2,,,,,,,,,,
République serbe,République serbe,LOC,0.05800000000000001,0.02,fr,2,,,,,,,,,,
Hollywood,Hollywood,LOC,0.42633928571428575,0.33392857142857146,fr,2,,,,,,,,,,
Dozulé,Dozulé,LOC,0.12111111111111111,0.2694444444444445,fr,2,,,,,,,,,,
Calvados,Calvados,LOC,0.12111111111111111,0.2694444444444445,fr,2,,,,,,,,,,
Beauvais,Beauvais,LOC,0.2333333333333333,0.3333333333333333,fr,2,,,,,,,,,,
Umm al,Umm al,LOC,0.030000000000000002,0.25,fr,2,,,,,,,,,,
lhôtel de ville de Toronto,lhôtel de ville de Toronto,LOC,0.23666666666666666,0.1464285714285714,fr,2,,,,,,,,,,
Etats-Unis,Etats-Unis,LOC,0.09307142857142858,0.1378571428571429,fr,2,,,,,,,,,,
le Pays basque,le Pays basque,LOC,0.101875,0.3125,fr,2,,,,,,,,,,
Maison,Maison,LOC,-0.10194444444444445,0.4027777777777778,fr,2,,,,,,,,,,
Française,Française,LOC,0.19285714285714284,0.30714285714285716,fr,2,,,,,,,,,,
Deschamps,Deschamps,LOC,-0.02583333333333333,0.0375,fr,2,,,,,,,,,,
Mediapart,Mediapart,LOC,0.25812500000000005,0.134375,fr,2,,,,,,,,,,
Kramatorsk,Kramatorsk,LOC,0.015000000000000001,0.10833333333333334,fr,2,,,,,,,,,,
Suresnes,Suresnes,LOC,0.13999999999999999,0.10000000000000002,fr,2,,,,,,,,,,
8e arrondissement de Lyon,8e arrondissement de Lyon,LOC,0.0725,0.15,fr,2,,,,,,,,,,
Hauts-de-Seine,Hauts-de-Seine,LOC,0.13999999999999999,0.10000000000000002,fr,2,,,,,,,,,,
Zurich,Zurich,LOC,0.1571428571428571,0.1571428571428571,fr,2,,,,,,,,,,
Britannique,Britannique,LOC,0.07666666666666667,0.20833333333333334,fr,2,,,,,,,,,,
Samu,Samu,LOC,0.0775,0.22583333333333333,fr,2,,,,,,,,,,
Atbara,Atbara,LOC,-0.05250000000000001,0.0575,fr,2,,,,,,,,,,
Darfour du Nord,Darfour du Nord,LOC,-0.04222222222222223,0.15625,fr,2,,,,,,,,,,
COP,COP,LOC,-0.041666666666666664,0.15,fr,2,,,,,,,,,,
Confédération africaine de football,Confédération africaine de football,LOC,0.124,0.13,fr,2,,,,,,,,,,
Flandre,Flandre,LOC,-0.006666666666666664,-0.03333333333333334,fr,2,,,,,,,,,,
Sclessin,Sclessin,LOC,0.08133333333333333,0.14416666666666667,fr,2,,,,,,,,,,
Quai d’Orsay,Quai d’Orsay,LOC,0.225,0.05,fr,2,,,,,,,,,,
Qaida,Qaida,LOC,0.15200000000000002,1.795,fr,2,,,,,,,,,,
Affaires étrangères,Affaires étrangères,LOC,0.06962121212121213,0.18636363636363634,fr,2,,,,,,,,,,
Rostov,Rostov,LOC,0.015357142857142857,0.07916666666666666,fr,2,,,,,,,,,,
Nunziati,Nunziati,LOC,0.09666666666666668,0.075,fr,2,,,,,,,,,,
Bologne,Bologne,LOC,0.014500000000000002,1.1168749999999998,fr,2,,,,,,,,,,
Transalpins,Transalpins,LOC,0.04923076923076923,0.2064903846153846,fr,2,,,,,,,,,,
Tenerife,Tenerife,LOC,-0.03454545454545455,0.1909090909090909,fr,2,,,,,,,,,,
Amérique du Nord,Amérique du Nord,LOC,0.1111111111111111,0.14444444444444443,fr,2,,,,,,,,,,
aéroport de Maastricht,aéroport de Maastricht,LOC,0.075,0.1,fr,2,,,,,,,,,,
boulevard des Etats-Unis,boulevard des Etats-Unis,LOC,0.0725,0.15,fr,2,,,,,,,,,,
aéroport de,aéroport de,LOC,0.075,0.1,fr,2,,,,,,,,,,
Thwaites,Thwaites,LOC,0.05499999999999999,0.16875,fr,2,,,,,,,,,,
Eglise anglicane,Eglise anglicane,LOC,0.26857142857142857,0.25357142857142856,fr,2,,,,,,,,,,
Vance,Vance,LOC,0.16399999999999998,0.12,fr,2,,,,,,,,,,
Eurasie,Eurasie,LOC,0.03,0.18571428571428575,fr,2,,,,,,,,,,
Sahel,Sahel,LOC,0.035,0.0875,fr,2,,,,,,,,,,
Cour suprême israélienne,Cour suprême israélienne,LOC,0.20571428571428574,0.22946428571428573,fr,2,,,,,,,,,,
île Christmas,île Christmas,LOC,0.054000000000000006,0.16,fr,2,,,,,,,,,,
USA,USA,LOC,0.026875,0.21625,fr,2,,,,,,,,,,
Bruges,Bruges,LOC,0.1,0.6,fr,2,,,,,,,,,,
Cosaques,Cosaques,LOC,0.1,0.6,fr,2,,,,,,,,,,
Palais Royal,Palais Royal,LOC,0.17375,0.19375000000000003,fr,2,,,,,,,,,,
Lesbos,Lesbos,LOC,0.02857142857142857,0.07142857142857142,fr,2,,,,,,,,,,
Eglise,Eglise,LOC,0.14357142857142857,0.20714285714285713,fr,2,,,,,,,,,,
oblast de Donetsk,oblast de Donetsk,LOC,0.06928571428571428,0.18,fr,2,,,,,,,,,,
mer Egée,mer Egée,LOC,0.02857142857142857,0.07142857142857142,fr,2,,,,,,,,,,
Asean,Asean,LOC,0.19874999999999998,0.14625,fr,2,,,,,,,,,,
Jénin,Jénin,LOC,0.09750000000000002,0.26,fr,2,,,,,,,,,,
Marseillais,Marseillais,LOC,0.13833333333333334,0.18333333333333335,fr,2,,,,,,,,,,
Harbour View,Harbour View,LOC,0.18333333333333335,0.25416666666666665,fr,2,,,,,,,,,,
lessentiel,lessentiel,LOC,0.024761904761904756,0.13611111111111113,fr,2,,,,,,,,,,
Normandie,Normandie,LOC,0.028680555555555542,0.4378472222222222,fr,2,,,,,,,,,,
Russe,Russe,LOC,-0.15899999999999997,0.09,fr,2,,,,,,,,,,
louragan Melissa,louragan Melissa,LOC,0.01583333333333331,0.33416666666666667,fr,2,,,,,,,,,,
Qassam,Qassam,LOC,0.017000000000000005,0.12624999999999997,fr,2,,,,,,,,,,
Sde Teiman,Sde Teiman,LOC,-0.11888888888888889,0.1763888888888889,fr,2,,,,,,,,,,
Bruxelloise,Bruxelloise,LOC,0.030000000000000002,0.03333333333333333,fr,2,,,,,,,,,,
quen,quen,LOC,0.038142857142857145,0.19642857142857142,fr,2,,,,,,,,,,
Hacer Puente,Hacer Puente,LOC,0.030000000000000002,0.03333333333333333,fr,2,,,,,,,,,,
Busan,Busan,LOC,0.061666666666666675,0.13125,fr,2,,,,,,,,,,
aéroport militaire de Ciampino,aéroport militaire de Ciampino,LOC,0.1622222222222222,0.2111111111111111,fr,1,,,,,,,,,,
Beita,Beita,LOC,0.17625000000000002,0.10625000000000001,fr,1,,,,,,,,,,
Grand Manchester,Grand Manchester,LOC,0.10400000000000001,0.24000000000000005,fr,1,,,,,,,,,,
RAC1,RAC1,LOC,0.105,0.48750000000000004,fr,1,,,,,,,,,,
complexe de KK Park,complexe de KK Park,LOC,-0.020000000000000004,-0.05000000000000001,fr,1,,,,,,,,,,
La Bretagne,La Bretagne,LOC,-0.06375000000000003,0.60625,fr,1,,,,,,,,,,
Eglise -anglicane- d'Angleterre,Eglise -anglicane- d'Angleterre,LOC,0.1622222222222222,0.2111111111111111,fr,1,,,,,,,,,,
Arabie saoudi,Arabie saoudi,LOC,0.013333333333333332,0.27777777777777773,fr,1,,,,,,,,,,
pays du Cèdre,pays du Cèdre,LOC,-0.18,0.32,fr,1,,,,,,,,,,
Milan,Milan,LOC,0.13333333333333333,0.19999999999999998,fr,1,,,,,,,,,,
Ecosse,Ecosse,LOC,0.07,0.13333333333333333,fr,1,,,,,,,,,,
Bourse,Bourse,LOC,0.13333333333333333,0.19999999999999998,fr,1,,,,,,,,,,
Wallons,Wallons,LOC,-0.006666666666666664,-0.03333333333333334,fr,1,,,,,,,,,,
"langue""Wallonie","langue""Wallonie",LOC,-0.006666666666666664,-0.03333333333333334,fr,1,,,,,,,,,,
Lune,Lune,LOC,-0.16,0.19,fr,1,,,,,,,,,,
Las Vegas,Las Vegas,LOC,0.023846153846153843,0.28846153846153855,fr,1,,,,,,,,,,
Stade Jean Bouin,Stade Jean Bouin,LOC,0.24000000000000002,0.16285714285714287,fr,1,,,,,,,,,,
Flamands,Flamands,LOC,-0.006666666666666664,-0.03333333333333334,fr,1,,,,,,,,,,
Glasgow,Glasgow,LOC,0.07,0.13333333333333333,fr,1,,,,,,,,,,
Texas,Texas,LOC,0.2,0.17500000000000002,fr,1,,,,,,,,,,
Hébron,Hébron,LOC,-0.275,0.125,fr,1,,,,,,,,,,
Héloué,Héloué,LOC,-0.18,0.32,fr,1,,,,,,,,,,
Manchester,Manchester,LOC,0.10400000000000001,0.24000000000000005,fr,1,,,,,,,,,,
Le Pays,Le Pays,LOC,0.06384615384615384,0.10769230769230768,fr,1,,,,,,,,,,
Capinghem,Capinghem,LOC,-0.0009999999999999953,0.13499999999999998,fr,1,,,,,,,,,,
lattaque,lattaque,LOC,0.3,0.1,fr,1,,,,,,,,,,
Jaba,Jaba,LOC,0.3,0.1,fr,1,,,,,,,,,,
dA,dA,LOC,-0.04000000000000001,0.275,fr,1,,,,,,,,,,
Croissant,Croissant,LOC,0.09999999999999999,0.1,fr,1,,,,,,,,,,
Cour suprême,Cour suprême,LOC,0.11914285714285712,0.3228571428571429,fr,1,,,,,,,,,,
Twitch,Twitch,LOC,0.24000000000000002,0.16285714285714287,fr,1,,,,,,,,,,
MBS,MBS,LOC,-0.23500000000000001,0.45,fr,1,,,,,,,,,,
cur dEl,cur dEl,LOC,-0.05000000000000001,0.2888888888888889,fr,1,,,,,,,,,,
ukraine,ukraine,LOC,0.08888888888888889,0.07777777777777778,fr,1,,,,,,,,,,
Afrique du Nord,Afrique du Nord,LOC,-0.0325,0.1875,fr,1,,,,,,,,,,
Villacoublay,Villacoublay,LOC,0.016666666666666666,0.125,fr,1,,,,,,,,,,
Zinder,Zinder,LOC,0.035,0.0875,fr,1,,,,,,,,,,
aéroport Ben,aéroport Ben,LOC,0.195,0.28750000000000003,fr,1,,,,,,,,,,
Hampden Park,Hampden Park,LOC,0.07,0.13333333333333333,fr,1,,,,,,,,,,
palais de lElysée,palais de lElysée,LOC,0.05714285714285715,-0.028571428571428564,fr,1,,,,,,,,,,
cyberarnaques,cyberarnaques,LOC,-0.020000000000000004,-0.05000000000000001,fr,1,,,,,,,,,,
sextirper,sextirper,LOC,-0.05000000000000001,0.2888888888888889,fr,1,,,,,,,,,,
La Terre,La Terre,LOC,-0.088,0.32999999999999996,fr,1,,,,,,,,,,
Ukrainiennes,Ukrainiennes,LOC,0.0875,0.125,fr,1,,,,,,,,,,
samuse,samuse,LOC,0.054000000000000006,0.16,fr,1,,,,,,,,,,
Léquipe,Léquipe,LOC,0.09874999999999998,0.13749999999999998,fr,1,,,,,,,,,,
Cest sobre,Cest sobre,LOC,0.27,0.30000000000000004,fr,1,,,,,,,,,,
Manche,Manche,LOC,0.14250000000000002,0.1125,fr,1,,,,,,,,,,
Pays de Galles BBC 2,Pays de Galles BBC 2,LOC,0.12999999999999998,0.15714285714285717,fr,1,,,,,,,,,,
CH4,CH4,LOC,0.1741,0.22300000000000003,fr,1,,,,,,,,,,
Église anglicane,Église anglicane,LOC,0.2783333333333333,0.18333333333333335,fr,1,,,,,,,,,,
Parlement kazakh,Parlement kazakh,LOC,0.065,0.08124999999999999,fr,1,,,,,,,,,,
Etat américain,Etat américain,LOC,0.05111111111111112,0.15000000000000002,fr,1,,,,,,,,,,
Bruxelloises Nathalie,Bruxelloises Nathalie,LOC,0.1597222222222222,0.12777777777777777,fr,1,,,,,,,,,,
Sambre,Sambre,LOC,0.1597222222222222,0.12777777777777777,fr,1,,,,,,,,,,
Genk,Genk,LOC,-0.014000000000000002,0.4,fr,1,,,,,,,,,,
Eupen,Eupen,LOC,-0.014000000000000002,0.4,fr,1,,,,,,,,,,
L’ukraine,L’ukraine,LOC,0.07,0.12000000000000002,fr,1,,,,,,,,,,
Tricolores,Tricolores,LOC,0.07,0.12000000000000002,fr,1,,,,,,,,,,
Daech,Daech,LOC,0.27,0.26,fr,1,,,,,,,,,,
10eme,10eme,LOC,0.27,0.26,fr,1,,,,,,,,,,
11eme,11eme,LOC,0.27,0.26,fr,1,,,,,,,,,,
X,X,LOC,0.27,0.26,fr,1,,,,,,,,,,
Xeme arrondissement,Xeme arrondissement,LOC,0.27,0.26,fr,1,,,,,,,,,,
désert d'Arabie saoudite,désert d'Arabie saoudite,LOC,0.033333333333333326,0.2333333333333333,fr,1,,,,,,,,,,
lAsie du Sud,lAsie du Sud,LOC,-0.15000000000000002,0.05,fr,1,,,,,,,,,,
Loffensive,Loffensive,LOC,0.0942857142857143,0.17142857142857143,fr,1,,,,,,,,,,
Xinjiang,Xinjiang,LOC,0.13199999999999998,0.205,fr,1,,,,,,,,,,
RTBFSix,RTBFSix,LOC,0.024900000000000002,0.17,fr,1,,,,,,,,,,
Le Havre,Le Havre,LOC,0.144,0.3,fr,1,,,,,,,,,,
Israéliennes,Israéliennes,LOC,0.0875,0.125,fr,1,,,,,,,,,,
du Havre,du Havre,LOC,0.144,0.3,fr,1,,,,,,,,,,
Palestiniennes,Palestiniennes,LOC,0.0875,0.125,fr,1,,,,,,,,,,
lÉglise anglicane,lÉglise anglicane,LOC,0.2671428571428572,0.20714285714285713,fr,1,,,,,,,,,,
Terre de Feu,Terre de Feu,LOC,0.09857142857142856,0.08571428571428573,fr,1,,,,,,,,,,
océan Austral,océan Austral,LOC,0.09857142857142856,0.08571428571428573,fr,1,,,,,,,,,,
glacier Hektoria,glacier Hektoria,LOC,0.07428571428571429,0.3085714285714286,fr,1,,,,,,,,,,
Hektoria,Hektoria,LOC,0.07428571428571429,0.3085714285714286,fr,1,,,,,,,,,,
FRANCE,FRANCE,LOC,0.0775,0.22583333333333333,fr,1,,,,,,,,,,
Corse,Corse,LOC,-0.06375000000000003,0.60625,fr,1,,,,,,,,,,
DIRECT |,DIRECT |,LOC,-0.01999999999999999,0.1285714285714286,fr,1,,,,,,,,,,
Transylvanie,Transylvanie,LOC,-0.11600000000000002,0.26,fr,1,,,,,,,,,,
Météo,Météo,LOC,-0.06375000000000003,0.60625,fr,1,,,,,,,,,,
Boualem,Boualem,LOC,0.20400000000000001,0.36000000000000004,fr,1,,,,,,,,,,
micro de VTM,micro de VTM,LOC,-0.11600000000000002,0.22000000000000003,fr,1,,,,,,,,,,
pays de Galles,pays de Galles,LOC,0.11666666666666665,0.20833333333333334,fr,1,,,,,,,,,,
Le Pays basque,Le Pays basque,LOC,0.11875,0.16875,fr,1,,,,,,,,,,
De Ketelaere,De Ketelaere,LOC,0.18000000000000002,0.11666666666666665,fr,1,,,,,,,,,,
Doku,Doku,LOC,0.18000000000000002,0.11666666666666665,fr,1,,,,,,,,,,
Trossard,Trossard,LOC,0.18000000000000002,0.11666666666666665,fr,1,,,,,,,,,,
Vanaken,Vanaken,LOC,0.18000000000000002,0.11666666666666665,fr,1,,,,,,,,,,
Raskin,Raskin,LOC,0.18000000000000002,0.11666666666666665,fr,1,,,,,,,,,,
Courtois,Courtois,LOC,0.06428571428571428,0.08571428571428572,fr,1,,,,,,,,,,
Bruxellois,Bruxellois,LOC,0.22799999999999998,0.13,fr,1,,,,,,,,,,
Orée,Orée,LOC,0.22799999999999998,0.13,fr,1,,,,,,,,,,
Pre,Pre,LOC,-0.045000000000000005,0.2416666666666667,fr,1,,,,,,,,,,
Concacaf,Concacaf,LOC,-0.055,0.17500000000000002,fr,1,,,,,,,,,,
Ternopil,Ternopil,LOC,-0.05600000000000001,0.19,fr,1,,,,,,,,,,
Tombouctou,Tombouctou,LOC,0.096,0.19,fr,1,,,,,,,,,,
Atlético,Atlético,LOC,0.21142857142857144,0.2671428571428572,fr,1,,,,,,,,,,
Afad,Afad,LOC,-0.02857142857142858,0.32142857142857145,fr,1,,,,,,,,,,
République serbe de Bos,République serbe de Bos,LOC,0.05800000000000001,0.02,fr,1,,,,,,,,,,
Banja Luka,Banja Luka,LOC,0.05800000000000001,0.02,fr,1,,,,,,,,,,
Nos pralines,Nos pralines,LOC,0.21833333333333335,0.3166666666666667,fr,1,,,,,,,,,,
Brooklyn,Brooklyn,LOC,0.07600000000000001,0.13,fr,1,,,,,,,,,,
Phototrend,Phototrend,LOC,0.2333333333333333,0.3333333333333333,fr,1,,,,,,,,,,
Ritz,Ritz,LOC,0.21833333333333335,0.3166666666666667,fr,1,,,,,,,,,,
Photaumnales,Photaumnales,LOC,0.2333333333333333,0.3333333333333333,fr,1,,,,,,,,,,
Toujour,Toujour,LOC,0.09888888888888887,0.1111111111111111,fr,1,,,,,,,,,,
Bonjour,Bonjour,LOC,0.18333333333333332,0.17499999999999996,fr,1,,,,,,,,,,
Ohio,Ohio,LOC,0.18769230769230769,0.22692307692307695,fr,1,,,,,,,,,,
G20 Afrique,G20 Afrique,LOC,-0.06200000000000001,0.24,fr,1,,,,,,,,,,
Musetti,Musetti,LOC,-0.030999999999999993,1.9899999999999995,fr,1,,,,,,,,,,
Sinner,Sinner,LOC,-0.030999999999999993,1.9899999999999995,fr,1,,,,,,,,,,
Terres australes et antarctiques françaises,Terres australes et antarctiques françaises,LOC,0.002999999999999997,0.1,fr,1,,,,,,,,,,
Toussai,Toussai,LOC,0.09333333333333332,0.3,fr,1,,,,,,,,,,
Hacquegnies,Hacquegnies,LOC,0.0775,0.15000000000000002,fr,1,,,,,,,,,,
Pompéi,Pompéi,LOC,0.0775,0.15000000000000002,fr,1,,,,,,,,,,
Premier Empire,Premier Empire,LOC,0.0775,0.15000000000000002,fr,1,,,,,,,,,,
Buonaparte,Buonaparte,LOC,0.0775,0.15000000000000002,fr,1,,,,,,,,,,
Canadiens,Canadiens,LOC,0.08249999999999999,0.1625,fr,1,,,,,,,,,,
Jabaliya,Jabaliya,LOC,-0.011428571428571425,-0.015714285714285712,fr,1,,,,,,,,,,
Papiri,Papiri,LOC,-0.02142857142857143,0.19285714285714287,fr,1,,,,,,,,,,
TRIBALLEAU,TRIBALLEAU,LOC,0.08714285714285715,0.14285714285714285,fr,1,,,,,,,,,,
océan Arctique,océan Arctique,LOC,0.13214285714285715,0.33571428571428574,fr,1,,,,,,,,,,
mer de Ross,mer de Ross,LOC,0.13214285714285715,0.33571428571428574,fr,1,,,,,,,,,,
le Pentagone,le Pentagone,LOC,0.0075,0.1,fr,1,,,,,,,,,,
lAsie,lAsie,LOC,0.10428571428571429,0.3,fr,1,,,,,,,,,,
U21,U21,LOC,-0.013333333333333327,0.20000000000000004,fr,1,,,,,,,,,,
Sumatra,Sumatra,LOC,-0.215,0.05,fr,1,,,,,,,,,,
louest,louest,LOC,-0.215,0.05,fr,1,,,,,,,,,,
Padang,Padang,LOC,-0.215,0.05,fr,1,,,,,,,,,,
Pétersbourg,Pétersbourg,LOC,0.062222222222222213,0.14444444444444446,fr,1,,,,,,,,,,
Pekin,Pekin,LOC,0.039999999999999994,0.16999999999999998,fr,1,,,,,,,,,,
Tazara,Tazara,LOC,0.039999999999999994,0.16999999999999998,fr,1,,,,,,,,,,
Lobito,Lobito,LOC,0.039999999999999994,0.16999999999999998,fr,1,,,,,,,,,,
Virginia Contreras,Virginia Contreras,LOC,0.0075,0.1,fr,1,,,,,,,,,,
Deir Al-Balah,Deir Al-Balah,LOC,-0.05,-0.1,fr,1,,,,,,,,,,
Thaïlandais,Thaïlandais,LOC,-0.05,-0.1,fr,1,,,,,,,,,,
Makeni,Makeni,LOC,0.14,0.22,fr,1,,,,,,,,,,
La Matinale,La Matinale,LOC,-0.02,0.2357142857142857,fr,1,,,,,,,,,,
Zootopie,Zootopie,LOC,-0.02,0.2357142857142857,fr,1,,,,,,,,,,
Lion,Lion,LOC,-0.156,0.25,fr,1,,,,,,,,,,
Tel,Tel,LOC,-0.026666666666666655,0.20000000000000004,fr,1,,,,,,,,,,
Croix-Rouge Française,Croix-Rouge Française,LOC,0.19199999999999998,0.21000000000000002,fr,1,,,,,,,,,,
Vietnam,Vietnam,LOC,0.05833333333333333,0.041666666666666664,fr,1,,,,,,,,,,
SAVILOV,SAVILOV,LOC,0.0325,0.05,fr,1,,,,,,,,,,
lEtat,lEtat,LOC,0.35,0.0,fr,1,,,,,,,,,,
mer Noire,mer Noire,LOC,-0.015,0.10833333333333332,fr,1,,,,,,,,,,
Krasnodar,Krasnodar,LOC,-0.015,0.10833333333333332,fr,1,,,,,,,,,,
Hamama,Hamama,LOC,-0.011428571428571425,-0.015714285714285712,fr,1,,,,,,,,,,
province de Namur,province de Namur,LOC,0.07333333333333333,0.03333333333333333,fr,1,,,,,,,,,,
Lviv,Lviv,LOC,-0.05600000000000001,0.19,fr,1,,,,,,,,,,
BREFFatima Bosch,BREFFatima Bosch,LOC,-0.075,0.225,fr,1,,,,,,,,,,
sorienter,sorienter,LOC,0.11166666666666668,0.18333333333333332,fr,1,,,,,,,,,,
Loccasi,Loccasi,LOC,0.158,0.13999999999999999,fr,1,,,,,,,,,,
Iznik,Iznik,LOC,0.032857142857142856,2.728571428571428,fr,1,,,,,,,,,,
Vancou,Vancou,LOC,0.0,0.0,fr,1,,,,,,,,,,
Bella Coola,Bella Coola,LOC,0.0,0.0,fr,1,,,,,,,,,,
parc national de Laguna del Tigre,parc national de Laguna del Tigre,LOC,0.07285714285714286,0.17142857142857146,fr,1,,,,,,,,,,
lAFP,lAFP,LOC,-0.016666666666666666,0.03333333333333333,fr,1,,,,,,,,,,
VENEZUELA,VENEZUELA,LOC,-0.016666666666666666,0.03333333333333333,fr,1,,,,,,,,,,
Pretoria,Pretoria,LOC,0.14250000000000002,0.30875,fr,1,,,,,,,,,,
Miami,Miami,LOC,0.0,0.35000000000000003,fr,1,,,,,,,,,,
Kaseya Center,Kaseya Center,LOC,0.0,0.35000000000000003,fr,1,,,,,,,,,,
Mexicaine,Mexicaine,LOC,-0.075,0.225,fr,1,,,,,,,,,,
Gembloux,Gembloux,LOC,0.07333333333333333,0.03333333333333333,fr,1,,,,,,,,,,
Îles Britanniques,Îles Britanniques,LOC,0.07666666666666666,0.17777777777777778,fr,1,,,,,,,,,,
île de Man,île de Man,LOC,0.07666666666666666,0.17777777777777778,fr,1,,,,,,,,,,
Thani,Thani,LOC,-0.20666666666666667,0.2416666666666667,fr,1,,,,,,,,,,
Quai d'Orsay,Quai d'Orsay,LOC,0.25,0.1,fr,1,,,,,,,,,,
Saïda,Saïda,LOC,-0.008333333333333331,0.008333333333333337,fr,1,,,,,,,,,,
Nantes,Nantes,LOC,-0.05909090909090908,0.18636363636363634,fr,1,,,,,,,,,,
anglicane,anglicane,LOC,0.195,0.08,fr,1,,,,,,,,,,
Odessa,Odessa,LOC,-0.16142857142857145,0.21428571428571427,fr,1,,,,,,,,,,
Grenadiers,Grenadiers,LOC,-0.055,0.17500000000000002,fr,1,,,,,,,,,,
Frankivsk,Frankivsk,LOC,-0.05600000000000001,0.19,fr,1,,,,,,,,,,
Ivano,Ivano,LOC,-0.05600000000000001,0.19,fr,1,,,,,,,,,,
La Défense Arena,La Défense Arena,LOC,-0.26,0.2,fr,1,,,,,,,,,,
Interstellar »,Interstellar »,LOC,-0.26,0.2,fr,1,,,,,,,,,,
Planalto,Planalto,LOC,0.08,0.2642857142857143,fr,1,,,,,,,,,,
dEt,dEt,LOC,0.08,0.2642857142857143,fr,1,,,,,,,,,,
Limbourg,Limbourg,LOC,0.07333333333333333,0.03333333333333333,fr,1,,,,,,,,,,
Pelt,Pelt,LOC,0.07333333333333333,0.03333333333333333,fr,1,,,,,,,,,,
H5,H5,LOC,0.07333333333333333,0.03333333333333333,fr,1,,,,,,,,,,
laéroport international de Eindhoven,laéroport international de Eindhoven,LOC,0.0057142857142857125,0.028571428571428574,fr,1,,,,,,,,,,
Volkel,Volkel,LOC,-0.035,0.0,fr,1,,,,,,,,,,
novembreÀ,novembreÀ,LOC,0.19714285714285715,0.20714285714285713,fr,1,,,,,,,,,,
Mézières,Mézières,LOC,0.0,0.1,fr,1,,,,,,,,,,
Charleville,Charleville,LOC,0.0,0.1,fr,1,,,,,,,,,,
Pays,Pays,LOC,0.10625,0.012499999999999997,fr,1,,,,,,,,,,
Villa Empain,Villa Empain,LOC,0.43999999999999995,0.31,fr,1,,,,,,,,,,
Anvers,Anvers,LOC,0.43999999999999995,0.31,fr,1,,,,,,,,,,
lenseigne,lenseigne,LOC,0.19166666666666665,0.24583333333333335,fr,1,,,,,,,,,,
Lheure,Lheure,LOC,-0.012499999999999997,0.365,fr,1,,,,,,,,,,
Kalandia,Kalandia,LOC,-0.03428571428571429,0.04142857142857143,fr,1,,,,,,,,,,
Cyril Portefaix,Cyril Portefaix,LOC,0.22531250000000003,0.325,fr,1,,,,,,,,,,
Amérique centrale,Amérique centrale,LOC,0.07285714285714286,0.17142857142857146,fr,1,,,,,,,,,,
Monégasques,Monégasques,LOC,0.10000000000000002,0.22499999999999998,fr,1,,,,,,,,,,
Stade rennais,Stade rennais,LOC,0.10000000000000002,0.22499999999999998,fr,1,,,,,,,,,,
Rennes,Rennes,LOC,0.10000000000000002,0.22499999999999998,fr,1,,,,,,,,,,
Buckingham,Buckingham,LOC,-0.09888888888888889,0.1888888888888889,fr,1,,,,,,,,,,
parc national Laguna del Tigre,parc national Laguna del Tigre,LOC,0.07285714285714286,0.17142857142857146,fr,1,,,,,,,,,,
Intelligence,Intelligence,LOC,-0.09888888888888889,0.1888888888888889,fr,1,,,,,,,,,,
Sandiara,Sandiara,LOC,0.016666666666666663,0.1388888888888889,fr,1,,,,,,,,,,
Ouïghours,Ouïghours,LOC,0.13199999999999998,0.205,fr,1,,,,,,,,,,
Wall Street,Wall Street,LOC,0.11000000000000001,0.2,fr,1,,,,,,,,,,
Djoliba,Djoliba,LOC,0.11666666666666665,0.19999999999999998,fr,1,,,,,,,,,,
Taverny,Taverny,LOC,0.13833333333333334,0.18333333333333335,fr,1,,,,,,,,,,
îles Falkland,îles Falkland,LOC,-0.06625,0.1875,fr,1,,,,,,,,,,
Malouines,Malouines,LOC,-0.06625,0.1875,fr,1,,,,,,,,,,
Argentins,Argentins,LOC,-0.06625,0.1875,fr,1,,,,,,,,,,
East Falkland,East Falkland,LOC,-0.06625,0.1875,fr,1,,,,,,,,,,
West Falkland,West Falkland,LOC,-0.06625,0.1875,fr,1,,,,,,,,,,
OM,OM,LOC,0.5075000000000001,0.5,fr,1,,,,,,,,,,
Real,Real,LOC,0.5075000000000001,0.5,fr,1,,,,,,,,,,
stade Diego Armando Maradona,stade Diego Armando Maradona,LOC,-0.025,0.175,fr,1,,,,,,,,,,
Francfort de Theate,Francfort de Theate,LOC,-0.025,0.175,fr,1,,,,,,,,,,
Naples Francfort,Naples Francfort,LOC,0.21,0.26666666666666666,fr,1,,,,,,,,,,
Petites Antilles,Petites Antilles,LOC,0.1242857142857143,0.17142857142857143,fr,1,,,,,,,,,,
Rotterdam,Rotterdam,LOC,0.31000000000000005,0.35,fr,1,,,,,,,,,,
Les Tricolores,Les Tricolores,LOC,0.10800000000000001,0.25,fr,1,,,,,,,,,,
Planète !,Planète !,LOC,0.04875000000000001,0.21458333333333335,fr,1,,,,,,,,,,
Glimt,Glimt,LOC,0.14166666666666666,0.14166666666666666,fr,1,,,,,,,,,,
Bodö,Bodö,LOC,0.14166666666666666,0.14166666666666666,fr,1,,,,,,,,,,
Tottenham,Tottenham,LOC,0.14166666666666666,0.14166666666666666,fr,1,,,,,,,,,,
New Hope,New Hope,LOC,0.23571428571428577,0.45142857142857146,fr,1,,,,,,,,,,
Gravely,Gravely,LOC,0.09833333333333334,0.17500000000000002,fr,1,,,,,,,,,,
Port of Spain,Port of Spain,LOC,0.09833333333333334,0.17500000000000002,fr,1,,,,,,,,,,
Bulgares,Bulgares,LOC,0.01,0.0,fr,1,,,,,,,,,,
Yokosuka,Yokosuka,LOC,0.22250000000000003,0.23750000000000002,fr,1,,,,,,,,,,
A Sainte,A Sainte,LOC,-0.27666666666666667,6.316666666666666,fr,1,,,,,,,,,,
aéroport Toulouse-Blagnac,aéroport Toulouse-Blagnac,LOC,0.11714285714285715,0.09999999999999999,fr,1,,,,,,,,,,
Oléron,Oléron,LOC,-0.18000000000000002,-0.20000000000000004,fr,1,,,,,,,,,,
Atlantique Sud,Atlantique Sud,LOC,-0.06625,0.1875,fr,1,,,,,,,,,,
île d'Oléron,île d'Oléron,LOC,-0.18000000000000002,-0.20000000000000004,fr,1,,,,,,,,,,
Charente,Charente,LOC,-0.18000000000000002,-0.20000000000000004,fr,1,,,,,,,,,,
4,4,LOC,0.17142857142857143,0.19285714285714284,fr,1,,,,,,,,,,
Fréjus,Fréjus,LOC,0.3466666666666667,0.4466666666666666,fr,1,,,,,,,,,,
Entretien,Entretien,LOC,0.26666666666666666,0.16666666666666666,fr,1,,,,,,,,,,
Isèr,Isèr,LOC,0.0625,0.19999999999999998,fr,1,,,,,,,,,,
llamará Landcros,llamará Landcros,LOC,0.08,0.2,fr,1,,,,,,,,,,
cur »,cur »,LOC,-0.2416666666666667,0.34166666666666673,fr,1,,,,,,,,,,
Toulon,Toulon,LOC,0.3466666666666667,0.4466666666666666,fr,1,,,,,,,,,,
Bayonne,Bayonne,LOC,0.3466666666666667,0.4466666666666666,fr,1,,,,,,,,,,
Haaland,Haaland,LOC,0.27499999999999997,0.11666666666666665,fr,1,,,,,,,,,,
Osimhen,Osimhen,LOC,0.27499999999999997,0.11666666666666665,fr,1,,,,,,,,,,
Afrique subsaharienne Roland Marchal,Afrique subsaharienne Roland Marchal,LOC,0.14,0.325,fr,1,,,,,,,,,,
Croix,Croix,LOC,0.19999999999999998,0.26666666666666666,fr,1,,,,,,,,,,
Musulman,Musulman,LOC,0.08642857142857144,0.12928571428571428,fr,1,,,,,,,,,,
Bayyad,Bayyad,LOC,0.05,0.125,fr,1,,,,,,,,,,
district de Tyr,district de Tyr,LOC,0.05,0.125,fr,1,,,,,,,,,,
musée-mémorial du Terrorisme,musée-mémorial du Terrorisme,LOC,0.13999999999999999,0.10000000000000002,fr,1,,,,,,,,,,
Evoluant,Evoluant,LOC,0.22999999999999998,0.6266666666666667,fr,1,,,,,,,,,,
cathédrale Notre,cathédrale Notre,LOC,0.062,0.02,fr,1,,,,,,,,,,
Lex,Lex,LOC,0.062,0.02,fr,1,,,,,,,,,,
finde,finde,LOC,-0.15000000000000002,0.325,fr,1,,,,,,,,,,
Terre française,Terre française,LOC,-0.041999999999999996,0.195,fr,1,,,,,,,,,,
Levallois,Levallois,LOC,-0.013999999999999995,0.20800000000000002,fr,1,,,,,,,,,,
Maritime,Maritime,LOC,-0.18000000000000002,-0.20000000000000004,fr,1,,,,,,,,,,
Jamaïcains,Jamaïcains,LOC,-0.27666666666666667,6.316666666666666,fr,1,,,,,,,,,,
Lavancée,Lavancée,LOC,0.016000000000000004,0.13000000000000003,fr,1,,,,,,,,,,
Mémorial de la Shoah,Mémorial de la Shoah,LOC,-0.08,0.09999999999999999,fr,1,,,,,,,,,,
basilique espagn,basilique espagn,LOC,0.17733333333333332,0.23500000000000001,fr,1,,,,,,,,,,
Ulm,Ulm,LOC,0.17733333333333332,0.23500000000000001,fr,1,,,,,,,,,,
Nvidia,Nvidia,LOC,0.0,0.03333333333333333,fr,1,,,,,,,,,,
Cologne,Cologne,LOC,0.17733333333333332,0.23500000000000001,fr,1,,,,,,,,,,
La Digue,La Digue,LOC,0.0,0.03333333333333333,fr,1,,,,,,,,,,
Belgorod,Belgorod,LOC,-0.0022222222222222244,0.21111111111111114,fr,1,,,,,,,,,,
Koursk,Koursk,LOC,-0.0022222222222222244,0.21111111111111114,fr,1,,,,,,,,,,
Melissa,Melissa,LOC,0.0,0.03333333333333333,fr,1,,,,,,,,,,
louragan,louragan,LOC,0.0,0.03333333333333333,fr,1,,,,,,,,,,
Baie de Hann,Baie de Hann,LOC,-0.00833333333333334,0.06666666666666667,fr,1,,,,,,,,,,
port de Cobh,port de Cobh,LOC,0.04285714285714286,0.22285714285714286,fr,1,,,,,,,,,,
comté de Cork,comté de Cork,LOC,0.04285714285714286,0.22285714285714286,fr,1,,,,,,,,,,
Cork,Cork,LOC,0.04285714285714286,0.22285714285714286,fr,1,,,,,,,,,,
sêtre,sêtre,LOC,0.11857142857142856,0.17857142857142858,fr,1,,,,,,,,,,
Habitations,Habitations,LOC,0.12499999999999999,0.0625,fr,1,,,,,,,,,,
kibboutz Beeri,kibboutz Beeri,LOC,-0.05833333333333333,0.15,fr,1,,,,,,,,,,
Plateau,Plateau,LOC,0.03333333333333333,0.08333333333333333,fr,1,,,,,,,,,,
JULIA DEMAREE,JULIA DEMAREE,LOC,0.04,0.06666666666666667,fr,1,,,,,,,,,,
12,12,LOC,0.04,0.06666666666666667,fr,1,,,,,,,,,,
Virginie,Virginie,LOC,0.04,0.06666666666666667,fr,1,,,,,,,,,,
île de Gorée,île de Gorée,LOC,-0.09166666666666667,0.13333333333333333,fr,1,,,,,,,,,,
Saône,Saône,LOC,-0.1125,0.225,fr,1,,,,,,,,,,
Haute,Haute,LOC,-0.1125,0.225,fr,1,,,,,,,,,,
Vesoul,Vesoul,LOC,-0.1125,0.225,fr,1,,,,,,,,,,
Louvre,Louvre,LOC,0.0,0.03333333333333333,fr,1,,,,,,,,,,
province de Saint Elizabeth,province de Saint Elizabeth,LOC,0.2805,0.4033333333333333,fr,1,,,,,,,,,,
Occident,Occident,LOC,0.06,0.10000000000000002,fr,1,,,,,,,,,,
Santa Cruz,Santa Cruz,LOC,0.2805,0.4033333333333333,fr,1,,,,,,,,,,
Kadugli,Kadugli,LOC,-0.028000000000000004,0.33,fr,1,,,,,,,,,,
Afrique de l'Ouest,Afrique de l'Ouest,LOC,0.15285714285714286,0.17857142857142858,fr,1,,,,,,,,,,
République islamique d'Iran,République islamique d'Iran,LOC,-0.035,0.2,fr,1,,,,,,,,,,
Terres australes et antarctiques,Terres australes et antarctiques,LOC,0.148,0.16,fr,1,,,,,,,,,,
Wallis-et-Futuna,Wallis-et-Futuna,LOC,0.148,0.16,fr,1,,,,,,,,,,
David,David,LOC,0.148,0.16,fr,1,,,,,,,,,,
Sabines,Sabines,LOC,0.148,0.16,fr,1,,,,,,,,,,
la Défense,la Défense,LOC,-0.06249999999999999,0.15,fr,1,,,,,,,,,,
Arco,Arco,LOC,0.22285714285714286,0.25000000000000006,fr,1,,,,,,,,,,
Gobelins,Gobelins,LOC,0.22285714285714286,0.25000000000000006,fr,1,,,,,,,,,,
Kaunas,Kaunas,LOC,0.22200000000000003,0.21000000000000002,fr,1,,,,,,,,,,
Montagne,Montagne,LOC,0.06666666666666667,0.3666666666666667,fr,1,,,,,,,,,,
Loire,Loire,LOC,0.4,0.8,fr,1,,,,,,,,,,
Tik tok,Tik tok,LOC,0.08000000000000002,0.1272727272727273,fr,1,,,,,,,,,,
Camalo,Camalo,LOC,0.23500000000000001,3.141666666666666,fr,1,,,,,,,,,,
CA,CA,LOC,0.23500000000000001,3.141666666666666,fr,1,,,,,,,,,,
Affaires étrangères de pays musulmans,Affaires étrangères de pays musulmans,LOC,-0.2,0.3,fr,1,,,,,,,,,,
soleil,soleil,LOC,0.28875,0.2625,fr,1,,,,,,,,,,
lheure,lheure,LOC,0.3433333333333333,0.29333333333333333,fr,1,,,,,,,,,,
Celles,Celles,LOC,0.28875,0.2625,fr,1,,,,,,,,,,
Black River,Black River,LOC,0.44,0.39,fr,1,,,,,,,,,,
Bobigny,Bobigny,LOC,0.1,0.1,fr,1,,,,,,,,,,
Mer Noire,Mer Noire,LOC,-0.06285714285714286,0.0642857142857143,fr,1,,,,,,,,,,
parc des expositions de Villepinte,parc des expositions de Villepinte,LOC,0.17142857142857143,0.19285714285714284,fr,1,,,,,,,,,,
Villepinte,Villepinte,LOC,0.17142857142857143,0.19285714285714284,fr,1,,,,,,,,,,
Seine,Seine,LOC,0.17142857142857143,0.19285714285714284,fr,1,,,,,,,,,,
Benyamin,Benyamin,LOC,0.1542857142857143,0.18571428571428572,fr,1,,,,,,,,,,
océan Pacifique,océan Pacifique,LOC,0.03,0.18571428571428575,fr,1,,,,,,,,,,
Amériques,Amériques,LOC,0.12666666666666668,0.13333333333333333,fr,1,,,,,,,,,,
tr><td,tr><td,LOC,0.0,0.0,fr,1,,,,,,,,,,
Links are submitted by members of the Fark community,Links are submitted by members of the Fark community,LOC,0.0,0.0,fr,1,,,,,,,,,,
Bretagne,Bretagne,LOC,-0.08166666666666668,0.13333333333333333,fr,1,,,,,,,,,,
Grande,Grande,LOC,-0.08166666666666668,0.13333333333333333,fr,1,,,,,,,,,,
Affaires étrangères du G7,Affaires étrangères du G7,LOC,-0.08166666666666668,0.13333333333333333,fr,1,,,,,,,,,,
gare du Midi,gare du Midi,LOC,0.07333333333333335,0.19166666666666668,fr,1,,,,,,,,,,
Other Farkers,Other Farkers,LOC,0.0,0.0,fr,1,,,,,,,,,,
Najaf,Najaf,LOC,0.27,0.2333333333333333,fr,1,,,,,,,,,,
Etat français,Etat français,LOC,0.282,0.25,fr,1,,,,,,,,,,
Avoirs,Avoirs,LOC,0.016250000000000004,0.05,fr,1,,,,,,,,,,
Getafe,Getafe,LOC,-0.015,-0.035,fr,1,,,,,,,,,,
LArabie saoudite,LArabie saoudite,LOC,0.09166666666666667,0.10833333333333334,fr,1,,,,,,,,,,
Abidjan,Abidjan,LOC,0.10833333333333334,0.21333333333333335,fr,1,,,,,,,,,,
G-2,G-2,LOC,0.07428571428571429,0.19999999999999998,fr,1,,,,,,,,,,
antarctique,antarctique,LOC,-0.010000000000000002,0.2822222222222222,fr,1,,,,,,,,,,
LONU,LONU,LOC,0.015000000000000001,0.10833333333333334,fr,1,,,,,,,,,,
oblast de Kharkiv,oblast de Kharkiv,LOC,0.015000000000000001,0.10833333333333334,fr,1,,,,,,,,,,
Telegram,Telegram,LOC,0.015000000000000001,0.10833333333333334,fr,1,,,,,,,,,,
Lola,Lola,LOC,0.0,0.085,fr,1,,,,,,,,,,
désert de Gobi,désert de Gobi,LOC,0.037499999999999985,0.21999999999999997,fr,1,,,,,,,,,,
Nétanyahou,Nétanyahou,LOC,-0.051666666666666694,0.24333333333333332,fr,1,,,,,,,,,,
"l'""Année sainte","l'""Année sainte",LOC,0.40125000000000005,0.325,fr,1,,,,,,,,,,
skippeuse,skippeuse,LOC,0.17166666666666666,0.15,fr,1,,,,,,,,,,
Zaporijia,Zaporijia,LOC,0.05076923076923078,0.1423076923076923,fr,1,,,,,,,,,,
La Rochelle,La Rochelle,LOC,0.17166666666666666,0.15,fr,1,,,,,,,,,,
Bleus,Bleus,LOC,0.10800000000000001,0.25,fr,1,,,,,,,,,,
Equateur,Equateur,LOC,0.10142857142857144,0.03571428571428571,fr,1,,,,,,,,,,
Collège,Collège,LOC,0.3,0.2,fr,1,,,,,,,,,,
Hexagone,Hexagone,LOC,0.061111111111111116,0.13333333333333333,fr,1,,,,,,,,,,
patatras,patatras,LOC,0.11625,0.1575,fr,1,,,,,,,,,,
Boston,Boston,LOC,0.08142857142857142,0.12857142857142856,fr,1,,,,,,,,,,
Bataclan,Bataclan,LOC,0.07399999999999998,0.21000000000000002,fr,1,,,,,,,,,,
Nada,Nada,LOC,0.06833333333333334,0.20000000000000004,fr,1,,,,,,,,,,
Annee sainte,Annee sainte,LOC,0.24272727272727276,0.4090909090909091,fr,1,,,,,,,,,,
Juba,Juba,LOC,0.09,0.05,fr,1,,,,,,,,,,
Tulkarem,Tulkarem,LOC,0.0175,0.24375000000000002,fr,1,,,,,,,,,,
Beit Lid,Beit Lid,LOC,0.0175,0.24375000000000002,fr,1,,,,,,,,,,
laq,laq,LOC,0.0175,0.24375000000000002,fr,1,,,,,,,,,,
gradé,gradé,LOC,0.0175,0.24375000000000002,fr,1,,,,,,,,,,
loblast de Zaporijia,loblast de Zaporijia,LOC,0.028333333333333335,0.19166666666666668,fr,1,,,,,,,,,,
Houliaïpole,Houliaïpole,LOC,0.028333333333333335,0.19166666666666668,fr,1,,,,,,,,,,
San Francisco,San Francisco,LOC,0.16399999999999998,0.12,fr,1,,,,,,,,,,
Sinjil,Sinjil,LOC,0.29800000000000004,0.13999999999999999,fr,1,,,,,,,,,,
COP30 souvre,COP30 souvre,LOC,0.3475,0.475,fr,1,,,,,,,,,,
Ladministration,Ladministration,LOC,0.16399999999999998,0.12,fr,1,,,,,,,,,,
SIPA,SIPA,LOC,0.044999999999999984,0.22499999999999998,fr,1,,,,,,,,,,
Afrique de l’Ouest,Afrique de l’Ouest,LOC,0.044999999999999984,0.22499999999999998,fr,1,,,,,,,,,,
lIA,lIA,LOC,0.08200000000000003,0.22933333333333333,fr,1,,,,,,,,,,
l'Asie du Nord,l'Asie du Nord,LOC,0.005000000000000002,0.15,fr,1,,,,,,,,,,
Los Angeles,Los Angeles,LOC,-0.056666666666666664,0.31666666666666665,fr,1,,,,,,,,,,
Dijon,Dijon,LOC,0.3466666666666667,0.4466666666666666,fr,1,,,,,,,,,,
Burton upon Trent,Burton upon Trent,LOC,0.28400000000000003,0.13999999999999999,fr,1,,,,,,,,,,
Côte d’Ivoire,Côte d’Ivoire,LOC,0.2,0.0,fr,1,,,,,,,,,,
Retraites,Retraites,LOC,0.07166666666666667,0.16666666666666666,fr,1,,,,,,,,,,
Hallaq,Hallaq,LOC,-0.0625,0.15,fr,1,,,,,,,,,,
ministère russe de la Défense,ministère russe de la Défense,LOC,-0.26666666666666666,0.09999999999999999,fr,1,,,,,,,,,,
Pogar,Pogar,LOC,-0.26666666666666666,0.09999999999999999,fr,1,,,,,,,,,,
Lille,Lille,LOC,0.046000000000000006,0.08,fr,1,,,,,,,,,,
Vostotchny,Vostotchny,LOC,0.08812500000000001,0.2,fr,1,,,,,,,,,,
destinati,destinati,LOC,0.0,0.0,fr,1,,,,,,,,,,
Liégeois,Liégeois,LOC,0.010681818181818183,0.2372727272727273,fr,1,,,,,,,,,,
La Défense Arena de Nanterre,La Défense Arena de Nanterre,LOC,0.0625,0.24583333333333332,fr,1,,,,,,,,,,
Adoption,Adoption,LOC,0.0,0.0,fr,1,,,,,,,,,,
Yourtes,Yourtes,LOC,-0.12333333333333334,0.2833333333333333,fr,1,,,,,,,,,,
Aéroport,Aéroport,LOC,-0.18499999999999997,0.18166666666666667,fr,1,,,,,,,,,,
Donbass,Donbass,LOC,0.049999999999999996,0.20454545454545456,fr,1,,,,,,,,,,
Crimée,Crimée,LOC,0.049999999999999996,0.20454545454545456,fr,1,,,,,,,,,,
Facher,Facher,LOC,0.025333333333333326,0.20666666666666667,fr,1,,,,,,,,,,
aéroport Landvetter de Göteborg,aéroport Landvetter de Göteborg,LOC,0.0,0.0,fr,1,,,,,,,,,,
aéroport de Göteborg,aéroport de Göteborg,LOC,0.0,0.0,fr,1,,,,,,,,,,
l’Onu,l’Onu,LOC,0.04,0.05,fr,1,,,,,,,,,,
Bourget,Bourget,LOC,0.146,0.1,fr,1,,,,,,,,,,
Arctique,Arctique,LOC,-0.03666666666666668,-9.25185853854297e-18,fr,1,,,,,,,,,,
Emmanuel,Emmanuel,LOC,0.3466666666666667,0.4466666666666666,fr,1,,,,,,,,,,
Mayas,Mayas,LOC,0.09666666666666666,0.11666666666666665,fr,1,,,,,,,,,,
M. Jean,M. Jean,LOC,-0.05166666666666667,0.19999999999999998,fr,1,,,,,,,,,,
M. Jean,M. Jean,LOC,-0.05166666666666667,0.19999999999999998,fr,1,,,,,,,,,,
thaïlando,thaïlando,LOC,-0.125,0.11249999999999999,fr,1,,,,,,,,,,
Saint Georges Park,Saint Georges Park,LOC,0.28400000000000003,0.13999999999999999,fr,1,,,,,,,,,,
Caucase,Caucase,LOC,0.2557142857142857,0.15714285714285717,fr,1,,,,,,,,,,
Haut-Commissaire des,Haut-Commissaire des,LOC,0.08111111111111112,0.25,fr,1,,,,,,,,,,
Conférence,Conférence,LOC,0.13749999999999998,0.19125000000000003,fr,1,,,,,,,,,,
basilique vaticane,basilique vaticane,LOC,0.146,0.08,fr,1,,,,,,,,,,
Canaries,Canaries,LOC,-0.03454545454545455,0.1909090909090909,fr,1,,,,,,,,,,
Café L’Or,Café L’Or,LOC,0.12,0.27499999999999997,fr,1,,,,,,,,,,
Santa Marta,Santa Marta,LOC,0.043750000000000004,0.11250000000000002,fr,1,,,,,,,,,,
mont Herzl,mont Herzl,LOC,-0.045,0.186,fr,1,,,,,,,,,,
lévénement,lévénement,LOC,-0.0325,0.0875,fr,1,,,,,,,,,,
Le Havre,Le Havre,LOC,0.12,0.27499999999999997,fr,1,,,,,,,,,,
Tel Aviv,Tel Aviv,LOC,0.11166666666666668,0.15,fr,1,,,,,,,,,,
Khachab,Khachab,LOC,-0.002,0.12,fr,1,,,,,,,,,,
Joubata Al,Joubata Al,LOC,-0.002,0.12,fr,1,,,,,,,,,,
Arrachages,Arrachages,LOC,-0.002,0.12,fr,1,,,,,,,,,,
Golan,Golan,LOC,-0.002,0.12,fr,1,,,,,,,,,,
Pará,Pará,LOC,0.2275,0.0875,fr,1,,,,,,,,,,
Rainbow Warrior,Rainbow Warrior,LOC,0.2275,0.0875,fr,1,,,,,,,,,,
Port-la-Forêt,Port-la-Forêt,LOC,0.12,0.27499999999999997,fr,1,,,,,,,,,,
Finistère,Finistère,LOC,0.12,0.27499999999999997,fr,1,,,,,,,,,,
Hispaniola,Hispaniola,LOC,0.019999999999999973,0.5,fr,1,,,,,,,,,,
Pokrosvk,Pokrosvk,LOC,-0.15363636363636363,0.19545454545454544,fr,1,,,,,,,,,,
théâtre de la Valette,théâtre de la Valette,LOC,0.31375,0.31250000000000006,fr,1,,,,,,,,,,
Maestro,Maestro,LOC,0.31375,0.31250000000000006,fr,1,,,,,,,,,,
palais romain du Quirinal,palais romain du Quirinal,LOC,0.17333333333333334,0.1111111111111111,fr,1,,,,,,,,,,
